
{
  "assignatures": [
    {
      "id": "1",
      "nom": "Tecnologia 2 ESO",
      "alumnes": [
        {
          "id": "alumne1",
          "nom": "Albert",
          "notes": [
            {
              "activitatId": "act1",
              "competenciaId": "comp1",
              "valor": 85.5
            },
            {
              "activitatId": "act2",
              "competenciaId": "comp2",
              "valor": 78
            }
          ]
        },
        {
          "id": "alumne2",
          "nom": "Sara",
          "notes": [
            {
              "activitatId": "act1",
              "competenciaId": "comp1",
              "valor": 92
            },
            {
              "activitatId": "act2",
              "competenciaId": "comp2",
              "valor": 88.5
            }
          ]
        }
      ],
      "activitats": [
        {
          "id": "act1",
          "nom": "Circuits I",
          "descripcio": "Realitza els esquemes amb l'aplicació Everycircuit",
          "data": "1730121369000",
          "competencies": [
            {
              "id": "comp1",
              "codi": "C6",
              "nom": "Mathematics",
              "descripcio": "Competency in mathematical problem-solving"
            }
          ]
        },
        {
          "id": "act2",
          "nom": "Circuits II",
          "descripcio": "Group project on environmental science",
          "data": "1728911769000",
          "competencies": [
            {
              "id": "comp2",
              "codi": "C1",
              "nom": "Science",
              "descripcio": "Competency in scientific knowledge and method"
            }
          ]
        }
      ]
    },
    {
      "id": "2",
      "nom": "Robòtica 1 ESO",
      "alumnes": [
        {
          "id": "alumne1",
          "nom": "Annas",
          "notes": [
            {
              "activitatId": "act3",
              "competenciaId": "comp3",
              "valor": 80
            }
          ]
        },
        {
          "id": "alumne2",
          "nom": "Montse",
          "notes": [
            {
              "activitatId": "act3",
              "competenciaId": "comp3",
              "valor": 85
            }
          ]
        }
      ],
      "activitats": [
        {
          "id": "act3",
          "nom": "Scratch I",
          "descripcio": "Fes el exercicis que trobaras a ....",
          "data": "1730553369",
          "competencies": [
            {
              "id": "comp3",
              "codi": "C2",
              "nom": "Advanced Science",
              "descripcio": "Competency in advanced scientific principles"
            }
          ]
        }
      ]
    }
  ],
  "users": [
    {
      "id": "1",
      "nom": "albert",
      "email": "prova@prova.com",
      "password": "C0ntr4"
    }
  ]
}
